{"cameraMode":{"drawMode":0,"name":"Shaded","section":"Shading Mode"},"sceneLighting":true,"audioPlay":false,"sceneViewState":{"showFog":false,"showMaterialUpdate":false,"showSkybox":false,"showFlares":false,"showImageEffects":false,"showParticleSystems":true},"in2DMode":false,"pivot":{"x":0.9706999063491821,"y":-2.4520621299743654,"z":3.9675111770629885},"rotation":{"x":0.3418596386909485,"y":-0.25766023993492129,"z":0.09804333746433258,"w":0.8984045386314392},"size":29.095645904541017,"orthographic":false}