{"cameraMode":{"drawMode":0,"name":"Shaded","section":"Shading Mode"},"sceneLighting":true,"audioPlay":false,"sceneViewState":{"showFog":false,"showMaterialUpdate":false,"showSkybox":false,"showFlares":false,"showImageEffects":false,"showParticleSystems":true},"in2DMode":false,"pivot":{"x":100.11656188964844,"y":92.42474365234375,"z":73.46807861328125},"rotation":{"x":-0.20483431220054627,"y":0.03082646057009697,"z":-0.006454524118453264,"w":-0.9782898426055908},"size":684.1738891601563,"orthographic":false}