{"cameraMode":{"drawMode":0,"name":"Shaded","section":"Shading Mode"},"sceneLighting":true,"audioPlay":false,"sceneViewState":{"showFog":false,"showMaterialUpdate":false,"showSkybox":false,"showFlares":false,"showImageEffects":false,"showParticleSystems":true},"in2DMode":false,"pivot":{"x":-8.292288780212403,"y":0.5722724199295044,"z":-7.984020709991455},"rotation":{"x":-0.7290046215057373,"y":0.13767051696777345,"z":-0.15377531945705415,"w":-0.6526501774787903},"size":5.212428092956543,"orthographic":false}