{"cameraMode":{"drawMode":0,"name":"Shaded","section":"Shading Mode"},"sceneLighting":true,"audioPlay":false,"sceneViewState":{"showFog":false,"showMaterialUpdate":false,"showSkybox":false,"showFlares":false,"showImageEffects":false,"showParticleSystems":true},"in2DMode":false,"pivot":{"x":1.3875840902328492,"y":2.0113625526428224,"z":-5.684197425842285},"rotation":{"x":0.3655460476875305,"y":0.05858296528458595,"z":-0.023059891536831857,"w":0.9286616444587708},"size":4.857765197753906,"orthographic":false}