{"cameraMode":{"drawMode":0,"name":"Shaded","section":"Shading Mode"},"sceneLighting":true,"audioPlay":false,"sceneViewState":{"showFog":false,"showMaterialUpdate":false,"showSkybox":false,"showFlares":false,"showImageEffects":false,"showParticleSystems":true},"in2DMode":false,"pivot":{"x":0.24390822649002076,"y":0.7651615738868713,"z":-8.005133628845215},"rotation":{"x":0.016718178987503053,"y":-0.6801373362541199,"z":0.7327298521995544,"w":0.015517231076955796},"size":1.9124276638031006,"orthographic":false}