{"cameraMode":{"drawMode":0,"name":"Shaded","section":"Shading Mode"},"sceneLighting":true,"audioPlay":false,"sceneViewState":{"showFog":false,"showMaterialUpdate":false,"showSkybox":false,"showFlares":false,"showImageEffects":false,"showParticleSystems":true},"in2DMode":false,"pivot":{"x":-3.1040663719177248,"y":-0.46764904260635378,"z":-6.5944366455078129},"rotation":{"x":0.016718178987503053,"y":-0.6801373362541199,"z":0.7327298521995544,"w":0.015517231076955796},"size":9.095600128173829,"orthographic":false}