{"cameraMode":{"drawMode":0,"name":"Shaded","section":"Shading Mode"},"sceneLighting":true,"audioPlay":false,"sceneViewState":{"showFog":false,"showMaterialUpdate":false,"showSkybox":false,"showFlares":false,"showImageEffects":false,"showParticleSystems":true},"in2DMode":false,"pivot":{"x":0.7689379453659058,"y":0.6210318803787231,"z":7.197934150695801},"rotation":{"x":-0.5251482129096985,"y":0.2130521535873413,"z":-0.1377345770597458,"w":-0.8123161196708679},"size":25.480974197387697,"orthographic":false}