{"cameraMode":{"drawMode":0,"name":"Shaded","section":"Shading Mode"},"sceneLighting":true,"audioPlay":false,"sceneViewState":{"showFog":false,"showMaterialUpdate":false,"showSkybox":false,"showFlares":false,"showImageEffects":false,"showParticleSystems":true},"in2DMode":false,"pivot":{"x":3.5582475662231447,"y":6.3639726638793949,"z":-5.874157905578613},"rotation":{"x":-0.15145771205425263,"y":0.027566613629460336,"z":-0.004224583972245455,"w":-0.9880702495574951},"size":11.972691535949707,"orthographic":false}