{"cameraMode":{"drawMode":0,"name":"Shaded","section":"Shading Mode"},"sceneLighting":true,"audioPlay":false,"sceneViewState":{"showFog":false,"showMaterialUpdate":false,"showSkybox":false,"showFlares":false,"showImageEffects":false,"showParticleSystems":true},"in2DMode":false,"pivot":{"x":-3.681002378463745,"y":-0.5781669616699219,"z":-0.35799407958984377},"rotation":{"x":0.056193627417087558,"y":0.5780273079872131,"z":-0.039947401732206348,"w":0.8130996227264404},"size":23.84818458557129,"orthographic":false}