{"cameraMode":{"drawMode":0,"name":"Shaded","section":"Shading Mode"},"sceneLighting":false,"audioPlay":false,"sceneViewState":{"showFog":false,"showMaterialUpdate":false,"showSkybox":false,"showFlares":false,"showImageEffects":false,"showParticleSystems":true},"in2DMode":false,"pivot":{"x":-1.2266566753387452,"y":2.4100000858306886,"z":0.0},"rotation":{"x":0.23423969745635987,"y":0.4491518437862396,"z":-0.12329064309597016,"w":0.8533427715301514},"size":10.957261085510254,"orthographic":false}