{"cameraMode":{"drawMode":0,"name":"Shaded","section":"Shading Mode"},"sceneLighting":true,"audioPlay":false,"sceneViewState":{"showFog":false,"showMaterialUpdate":false,"showSkybox":false,"showFlares":false,"showImageEffects":false,"showParticleSystems":true},"in2DMode":false,"pivot":{"x":271.4411315917969,"y":186.09225463867188,"z":65.602783203125},"rotation":{"x":-0.15145771205425263,"y":0.027566613629460336,"z":-0.004224583972245455,"w":-0.9880702495574951},"size":691.2830200195313,"orthographic":false}