{"cameraMode":{"drawMode":0,"name":"Shaded","section":"Shading Mode"},"sceneLighting":true,"audioPlay":false,"sceneViewState":{"showFog":false,"showMaterialUpdate":false,"showSkybox":false,"showFlares":false,"showImageEffects":false,"showParticleSystems":true},"in2DMode":false,"pivot":{"x":423.4501037597656,"y":192.14593505859376,"z":1.006134033203125},"rotation":{"x":-0.001499984529800713,"y":-0.0044999802485108379,"z":-0.000006749977728759404,"w":0.9999887943267822},"size":190.4904022216797,"orthographic":false}