{"cameraMode":{"drawMode":0,"name":"Shaded","section":"Shading Mode"},"sceneLighting":false,"audioPlay":false,"sceneViewState":{"showFog":false,"showMaterialUpdate":false,"showSkybox":false,"showFlares":false,"showImageEffects":false,"showParticleSystems":true},"in2DMode":false,"pivot":{"x":-1.3909144401550294,"y":2.2413253784179689,"z":0.05677080154418945},"rotation":{"x":0.24285832047462464,"y":0.44162753224372866,"z":-0.1255100518465042,"w":0.854536235332489},"size":2694.652587890625,"orthographic":false}