{"cameraMode":{"drawMode":0,"name":"Shaded","section":"Shading Mode"},"sceneLighting":true,"audioPlay":false,"sceneViewState":{"showFog":false,"showMaterialUpdate":false,"showSkybox":false,"showFlares":false,"showImageEffects":false,"showParticleSystems":true},"in2DMode":false,"pivot":{"x":-3.681002378463745,"y":-0.5781669616699219,"z":-0.35799407958984377},"rotation":{"x":0.3297109305858612,"y":0.0042483871802687649,"z":-0.001483699306845665,"w":0.9440712332725525},"size":23.84818458557129,"orthographic":false}